paper_id,title,venue,venue_area,publication_year,announcement_year,recognition_lag,citation_count,impact_breadth_score,pre_award_years_available,award_year_available,post_award_years_available,avg_yearly_citations_5y_before_award,yearly_citations_award_year,avg_yearly_citations_5y_after_award,post_minus_pre_avg,safe_interpretation
sigcomm_2008_81bf07a4,"A Scalable, Commodity Data Center Network Architecture",SIGCOMM,Networking,2008,2018,10,3154,54.0,5,1,5,281.8,300.0,173.2,-108.6,citation metadata window around award; not causal evidence of award effect
sigcomm_2006_dfdc39e9,XORs in the air: practical wireless network coding,SIGCOMM,Networking,2006,2018,12,2274,65.5,5,1,5,171.8,77.0,40.2,-131.6,citation metadata window around award; not causal evidence of award effect
sigcomm_2007_a54ec39d,Ethane: Taking control of the Enterprise,SIGCOMM,Networking,2007,2017,10,522,71.12,5,1,5,38.8,73.0,44.0,5.2,citation metadata window around award; not causal evidence of award effect
imc_2007_30656686,Measurement and analysis of online social networks,IMC,Networking,2007,2017,10,3073,60.0,5,1,5,274.6,198.0,141.0,-133.6,citation metadata window around award; not causal evidence of award effect
sigcomm_2004_6c3596a0,Link-level measurements from an 802.11b mesh network,SIGCOMM,Networking,2004,2016,12,1002,44.5,4,1,5,55.75,30.0,9.2,-46.55,citation metadata window around award; not causal evidence of award effect
sigcomm_2004_1c987b63,A first-principles approach to understanding the Internet's router-level topology,SIGCOMM,Networking,2004,2016,12,359,60.25,4,1,5,16.75,13.0,4.4,-12.35,citation metadata window around award; not causal evidence of award effect
ccr_2005_3ec7a6b7,A clean slate 4D approach to network control and management.,CCR,Networking,2005,2015,10,656,53.38,3,1,5,55.0,45.0,31.8,-23.2,citation metadata window around award; not causal evidence of award effect
sigcomm_2004_6b41c296,Sizing router buffers,SIGCOMM,Networking,2004,2015,11,682,56.25,3,1,5,42.67,26.0,22.0,-20.67,citation metadata window around award; not causal evidence of award effect
sigcomm_2002_a31bf940,Congestion Control for High Bandwidth-Delay Product Networks,SIGCOMM,Networking,2002,2014,12,1095,54.5,2,1,5,57.5,60.0,26.2,-31.3,citation metadata window around award; not causal evidence of award effect
sigcomm_2002_a253844a,Measuring ISP Topologies with Rocketfuel,SIGCOMM,Networking,2002,2014,12,1277,50.62,2,1,5,65.0,66.0,64.0,-1.0,citation metadata window around award; not causal evidence of award effect
ccr_2003_71528dcf,PlanetLab: an overlay testbed for broad-coverage services,CCR,Networking,2003,2013,10,390,75.38,1,1,5,49.0,44.0,24.6,-24.4,citation metadata window around award; not causal evidence of award effect
sigcomm_2003_68917358,A delay-tolerant network architecture for challenged internets,SIGCOMM,Networking,2003,2013,10,3074,60.88,1,1,5,267.0,249.0,182.4,-84.6,citation metadata window around award; not causal evidence of award effect
sigcomm_2002_d2209898,Tussle in cyberspace: defining tomorrow's internet,SIGCOMM,Networking,2002,2012,10,416,66.12,0,1,5,,48.0,20.2,,citation metadata window around award; not causal evidence of award effect
sigcomm_2001_c9228ba7,Chord: A Scalable Peer-to-peer Lookup Service for Internet Applications,SIGCOMM,Networking,2001,2011,10,6403,44.62,0,0,5,,,181.4,,citation metadata window around award; not causal evidence of award effect
sigcomm_2001_841b16e4,A Scalable Content-addressable Network,SIGCOMM,Networking,2001,2011,10,6403,44.62,0,0,5,,,181.4,,citation metadata window around award; not causal evidence of award effect
sigcomm_1999_240100a1,An analysis of BGP convergence properties,SIGCOMM,Networking,1999,2010,11,372,54.75,0,0,4,,,11.5,,citation metadata window around award; not causal evidence of award effect
sigcomm_1999_71dae235,On Power-Law Relationships of the Internet Topology,SIGCOMM,Networking,1999,2010,11,4255,56.0,0,0,4,,,231.5,,citation metadata window around award; not causal evidence of award effect
sigcomm_1998_813258b5,A Digital Fountain Approach to Reliable Distribution of Bulk Data,SIGCOMM,Networking,1998,2009,11,1159,52.25,0,0,3,,,68.67,,citation metadata window around award; not causal evidence of award effect
sigcomm_1997_55d45519,Internet Routing Instability,SIGCOMM,Networking,1997,2008,11,363,55.0,0,0,2,,,7.5,,citation metadata window around award; not causal evidence of award effect
ccr_1997_fb881c2c,The Macroscopic Behavior of the TCP Congestion Avoidance Algorithm,CCR,Networking,1997,2007,10,1494,50.38,0,0,1,,,41.0,,citation metadata window around award; not causal evidence of award effect
ccr_1996_3af7ce69,Towards an Active Network Architecture,CCR,Networking,1996,2007,11,491,69.5,0,0,1,,,6.0,,citation metadata window around award; not causal evidence of award effect
acl_2002_1a4aaa49,BLEU: a Method for Automatic Evaluation of Machine Translation,ACL,CS,2002,2018,16,542,71.75,5,1,5,25.0,40.0,35.8,10.8,citation metadata window around award; not causal evidence of award effect
emnlp_2002_6452d908,Discriminative Training Methods for Hidden Markov Models: Theory and Experiments with Perceptron Algorithms,EMNLP,NLP,2002,2018,16,2868,61.75,5,1,5,273.2,240.0,113.4,-159.8,citation metadata window around award; not causal evidence of award effect
emnlp_2002_bbd2b492,Thumbs up? Sentiment Classification using Machine Learning Techniques,EMNLP,NLP,2002,2018,16,2212,66.38,5,1,5,150.2,230.0,171.8,21.6,citation metadata window around award; not causal evidence of award effect
ieee_personal_communications_2001_3d162e3f,Pervasive Computing: Vision and Challenges,IEEE Personal Communications,CS,2001,2018,17,2415,75.12,5,1,5,112.6,84.0,51.6,-61.0,citation metadata window around award; not causal evidence of award effect
wmcsa_1999_367b771d,Ad-hoc On-Demand Distance Vector Routing,WMCSA,CS,1999,2018,19,10309,44.25,5,1,5,493.6,210.0,132.4,-361.2,citation metadata window around award; not causal evidence of award effect
acm_mobicom_2002_e34a4638,Wake on Wireless: An Event Driven Energy Saving Strategy for Battery Operated Devices,ACM MobiCom,CS,2002,2018,16,8135,75.88,4,1,5,622.0,1139.0,750.8,128.8,citation metadata window around award; not causal evidence of award effect
ieee_transactions_on_information_theory_2000_f5a20c28,Network Information Flow,IEEE Transactions on Information Theory,CS,2000,2018,18,7857,66.38,5,1,5,510.6,310.0,162.4,-348.2,citation metadata window around award; not causal evidence of award effect
acm_sensys_2006_a4e2d6fd,CarTel: A Distributed Mobile Sensor Computing System,ACM SenSys,CS,2006,2018,12,225,77.0,5,1,5,17.4,22.0,19.6,2.2,citation metadata window around award; not causal evidence of award effect
sigir_2006_b1c8281c,Improving web search ranking by incorporating user behavior information,SIGIR,IR,2006,2018,12,1044,48.62,5,1,5,67.2,61.0,30.0,-37.2,citation metadata window around award; not causal evidence of award effect
sigir_2005_82d07dff,Personalizing search via automated analysis of interests and activities,SIGIR,IR,2005,2018,13,799,54.38,5,1,5,44.0,35.0,13.6,-30.4,citation metadata window around award; not causal evidence of award effect
sigir_2005_782f98ae,Accurately interpreting clickthrough data as implicit feedback,SIGIR,IR,2005,2018,13,1391,49.25,5,1,5,78.4,74.0,64.8,-13.6,citation metadata window around award; not causal evidence of award effect
sigir_2003_73629bd4,Beyond independent relevance: methods and evaluation metrics for subtopic retrieval,SIGIR,IR,2003,2018,15,2865,65.12,5,1,5,282.2,250.0,169.0,-113.2,citation metadata window around award; not causal evidence of award effect
sigmod_2008_55e86b32,Serializable isolation for snapshot databases,SIGMOD,Database,2008,2018,10,125,55.62,5,1,5,9.6,2.0,7.0,-2.6,citation metadata window around award; not causal evidence of award effect
sigmod_2005_c02d9b0b,Fault-tolerance in the Borealis distributed stream processing system,SIGMOD,Database,2005,2017,12,203,61.25,5,1,5,8.4,4.0,8.2,-0.2,citation metadata window around award; not causal evidence of award effect
sigmod_2006_a6a81761,Provenance Management in Curated Databases,SIGMOD,Database,2006,2016,10,296,66.88,4,1,5,21.25,13.0,9.8,-11.45,citation metadata window around award; not causal evidence of award effect
sigmod_2005_2a0a907a,Robust and Fast Similarity Search for Moving Object Trajectories,SIGMOD,Database,2005,2015,10,1323,67.25,3,1,5,70.0,82.0,81.2,11.2,citation metadata window around award; not causal evidence of award effect
sigmod_2004_a809fe60,Order-Preserving Encryption for Numeric Data,SIGMOD,Database,2004,2014,10,1212,70.88,2,1,5,79.5,121.0,89.6,10.1,citation metadata window around award; not causal evidence of award effect
sigmod_2003_4b49e7bb,The Design of an Acquisitional Query Processor for Sensor Networks,SIGMOD,Database,2003,2013,10,936,49.75,1,1,5,33.0,31.0,16.0,-17.0,citation metadata window around award; not causal evidence of award effect
sigmod_2002_3a3abfbf,Executing SQL over Encrypted Data in the Database-Service-Provider Model.,SIGMOD,Database,2002,2012,10,1148,63.5,0,1,5,,63.0,90.4,,citation metadata window around award; not causal evidence of award effect
sigmod_2001_67b3610a,"Optimizing Queries Using Materialized Views: A Practical, Scalable Solution",SIGMOD,Database,2001,2011,10,23,46.38,0,0,5,,,2.0,,citation metadata window around award; not causal evidence of award effect
sigmod_2000_7c9d933e,NiagaraCQ: A Scalable Continuous Query System for Internet Databases,SIGMOD,Database,2000,2010,10,567,73.25,0,0,4,,,48.75,,citation metadata window around award; not causal evidence of award effect
sigmod_1999_4b279094,Approximate Computation of Multidimensional Aggregates of Sparse Data Using Wavelets,SIGMOD,Database,1999,2009,10,347,52.62,0,0,3,,,8.0,,citation metadata window around award; not causal evidence of award effect
sigmod_1998_f875f59e,Integration of Heterogeneous Databases without Common Domains Using Queries Based on Textual Similarity,SIGMOD,Database,1998,2008,10,380,54.62,0,0,2,,,11.0,,citation metadata window around award; not causal evidence of award effect
sigmod_1997_8f0b8c70,Online Aggregation,SIGMOD,Database,1997,2007,10,926,50.88,0,0,1,,,32.0,,citation metadata window around award; not causal evidence of award effect
kdd_2008_2966bdf2,Factorization meets the neighborhood: a multifaceted collaborative filtering model,KDD,DM/Web,2008,2018,10,3592,84.88,5,1,5,281.6,281.0,243.8,-37.8,citation metadata window around award; not causal evidence of award effect
kdd_2006_6001f510,Training Linear SVMs in Linear Time,KDD,DM/Web,2006,2017,11,1958,63.75,5,1,5,160.0,143.0,85.6,-74.4,citation metadata window around award; not causal evidence of award effect
kdd_2005_ebddb36d,"Graphs over Time: Densification Laws, Shrinking Diameters and Possible Explanations",KDD,DM/Web,2005,2016,11,847,87.38,1,1,5,28.0,43.0,92.0,64.0,citation metadata window around award; not causal evidence of award effect
kdd_2002_14fa3fe7,Optimizing Search Engines using Clickthrough Data,KDD,DM/Web,2002,2015,13,3918,53.38,3,1,5,286.67,282.0,213.2,-73.47,citation metadata window around award; not causal evidence of award effect
kdd_1996_1b93ceb4,A Density-Based Algorithm for Discovering Clusters in Large Spatial Databases with Noise,KDD,DM/Web,1996,2014,18,19133,81.12,2,1,5,614.5,758.0,1237.4,622.9,citation metadata window around award; not causal evidence of award effect
nips_2007_72016643,Random Features for Large-Scale Kernel Machines,NIPS,ML,2007,2017,10,2663,69.25,5,1,5,109.6,200.0,298.8,189.2,citation metadata window around award; not causal evidence of award effect
www_2007_973301ac,YAGO: A Core of Semantic Knowledge Unifying WordNet and Wikipedia,WWW,Web,2007,2018,11,1186,85.88,2,1,5,21.0,79.0,161.0,140.0,citation metadata window around award; not causal evidence of award effect
aaai_2000_d59a2669,PROMPT: Algorithm and Tool for Automated Ontology Merging and Alignment,AAAI,AI,2000,2018,18,966,59.0,5,1,5,20.6,13.0,4.6,-16.0,citation metadata window around award; not causal evidence of award effect
aaai_1999_7d4d17b7,Monte Carlo Localization: Efficient Position Estimation for Mobile Robots,AAAI,AI,1999,2017,18,1073,58.88,5,1,5,37.6,39.0,42.4,4.8,citation metadata window around award; not causal evidence of award effect
aaai_1998_e399f17f,The Interactive Museum Tour-Guide Robot,AAAI,AI,1998,2016,18,504,58.38,4,1,5,23.25,13.0,22.0,-1.25,citation metadata window around award; not causal evidence of award effect
aaai_1997_358a0cd6,Statistical Parsing with a Context-Free Grammar and Word Statistics,AAAI,AI,1997,2015,18,538,56.0,3,1,5,18.0,14.0,10.4,-7.6,citation metadata window around award; not causal evidence of award effect
aaai_1996_ab0965bb,Syskill & Webert: Identifying Interesting Web Sites,AAAI,AI,1996,2014,18,595,60.5,2,1,5,19.5,18.0,12.0,-7.5,citation metadata window around award; not causal evidence of award effect
aaai_1994_fcd06997,A Filtering Algorithm for Constraints of Difference in CSPs,AAAI,AI,1994,2013,19,667,60.12,1,1,5,37.0,30.0,17.4,-19.6,citation metadata window around award; not causal evidence of award effect
aaai_1993_a138bac4,Learning Interface Agents,AAAI,AI,1993,2012,19,241,51.25,0,1,5,,4.0,2.8,,citation metadata window around award; not causal evidence of award effect
aaai_1992_b78893c6,Hard and Easy Distribution of SAT Problems,AAAI,AI,1992,2011,19,807,51.12,0,0,5,,,19.0,,citation metadata window around award; not causal evidence of award effect
aaai_1992_4bfc223f,A New Method for Solving Hard Satisfiability Problems,AAAI,AI,1992,2011,19,1188,53.5,0,0,5,,,25.6,,citation metadata window around award; not causal evidence of award effect
aaai_1992_83f14b17,Systematic Nonlinear Planning,AAAI,AI,1992,2010,18,524,46.0,0,0,4,,,10.5,,citation metadata window around award; not causal evidence of award effect
aaai_1990_113a29dc,Solving Large-Scale Constraint Satisfaction and Scheduling Problems Using a Heuristic Repair Method,AAAI,AI,1990,2008,18,277,49.75,0,0,2,,,3.5,,citation metadata window around award; not causal evidence of award effect
aaai_1988_d39c76b4,Bayesian Classification,AAAI,AI,1988,2007,19,506,60.88,0,0,1,,,4.0,,citation metadata window around award; not causal evidence of award effect
icml_2008_be55835e,A Unified Architecture for Natural Language Processing: Deep Neural Networks with Multitask Learning,ICML,ML,2008,2018,10,6709,66.12,5,1,5,311.6,710.0,731.6,420.0,citation metadata window around award; not causal evidence of award effect
icml_2007_3e107099,Combining Online and Offline Knowledge in UCT,ICML,ML,2007,2017,10,457,62.12,5,1,5,31.2,21.0,20.6,-10.6,citation metadata window around award; not causal evidence of award effect
icdm_2008_8466db39,Collaborative Filtering for Implicit Feedback Datasets,ICDM,DM/Web,2008,2017,9,3206,56.88,5,1,5,131.6,258.0,326.0,194.4,citation metadata window around award; not causal evidence of award effect
icdm_2007_a5b38b3c,Scalable Collaborative Filtering with Jointly Derived Neighborhood Interpolation Weights,ICDM,DM/Web,2007,2016,9,502,65.5,4,1,5,37.75,33.0,29.4,-8.35,citation metadata window around award; not causal evidence of award effect
icdm_2006_fdafebc5,Fast Random Walk with Restart and Its Applications,ICDM,DM/Web,2006,2015,9,1199,64.62,3,1,5,61.67,85.0,82.0,20.33,citation metadata window around award; not causal evidence of award effect
icdm_2005_1767506e,Supervised Tensor Learning,ICDM,DM/Web,2005,2014,9,377,66.5,2,1,5,25.0,21.0,23.2,-1.8,citation metadata window around award; not causal evidence of award effect
icdm_2004_f632b71f,Moment: Maintaining Closed Frequent Itemsets over a Stream Sliding Window,ICDM,DM/Web,2004,2013,9,297,64.88,1,1,5,19.0,24.0,12.2,-6.8,citation metadata window around award; not causal evidence of award effect
icdm_2003_d0012638,On the Privacy Preserving Properties of Random Data Perturbation Techniques,ICDM,DM/Web,2003,2012,9,626,67.25,0,1,5,,42.0,36.4,,citation metadata window around award; not causal evidence of award effect
icdm_2002_b81a3ed1,gSpan: Graph-Based Substructure Pattern Mining,ICDM,DM/Web,2002,2011,9,2030,59.75,0,0,5,,,133.8,,citation metadata window around award; not causal evidence of award effect
icdm_2001_2bfeb4ea,Frequent Subgraph Discovery,ICDM,DM/Web,2001,2010,9,1062,58.75,0,0,4,,,56.75,,citation metadata window around award; not causal evidence of award effect
sigir_1980_e20f7878,Probabilistic Models of Indexing and Searching,SIGIR,IR,1980,2014,34,316,58.62,2,1,5,17.0,18.0,9.6,-7.4,citation metadata window around award; not causal evidence of award effect
sigir_1982_a22d476b,The Unified Probabilistic Model for IR,SIGIR,IR,1982,2014,32,24,38.75,1,0,0,1.0,,,,citation metadata window around award; not causal evidence of award effect
sigir_1983_d8cc96f7,A Study of the Overlap among Document Representations,SIGIR,IR,1983,2014,31,26,41.12,1,1,0,1.0,1.0,,,citation metadata window around award; not causal evidence of award effect
sigir_1985_03a95325,The Cluster Hypothesis Revisited,SIGIR,IR,1985,2014,29,120,57.5,2,1,5,4.0,6.0,4.6,0.6,citation metadata window around award; not causal evidence of award effect
sigir_1986_5b31cf31,A New Theoretical Framework for Information Retrieval,SIGIR,IR,1986,2014,28,56,61.88,1,0,4,1.0,,2.25,1.25,citation metadata window around award; not causal evidence of award effect
sigir_1987_63b9a46d,Automatic Phrase Indexing for Document Retrieval,SIGIR,IR,1987,2014,27,98,58.5,2,1,4,4.0,6.0,1.75,-2.25,citation metadata window around award; not causal evidence of award effect
sigir_1988_12a50dc3,A Look Back and a Look Forward,SIGIR,IR,1988,2014,26,5127,72.25,2,1,5,297.0,300.0,304.6,7.6,citation metadata window around award; not causal evidence of award effect
sigir_1988_31fae25c,Information Retrieval using a Singular Value Decomposition Model of Latent Semantic Structure,SIGIR,IR,1988,2014,26,257,66.25,2,1,5,7.5,12.0,13.2,5.7,citation metadata window around award; not causal evidence of award effect
sigir_1988_7fa8009d,Towards Interactive Query Expansion,SIGIR,IR,1988,2014,26,121,60.75,2,1,4,7.0,1.0,3.0,-4.0,citation metadata window around award; not causal evidence of award effect
sigir_1989_83e330e8,A Library System for Information Retrieval based on a Cognitive Task Analysis and Supported by an Icon-based Interface,SIGIR,IR,1989,2014,25,16,35.88,0,1,0,,1.0,,,citation metadata window around award; not causal evidence of award effect
sigir_1989_e1368db3,Adaptive Information Retrieval: Using a Connectionist Representation to Retrieve and Learn about Documents,SIGIR,IR,1989,2014,25,48,56.88,1,1,1,1.0,1.0,1.0,0.0,citation metadata window around award; not causal evidence of award effect
sigir_1990_7aa5a101,Inference Networks for Document Retrieval,SIGIR,IR,1990,2014,24,425,51.38,2,1,5,12.0,10.0,4.8,-7.2,citation metadata window around award; not causal evidence of award effect
sigir_1992_e446a5cb,Scatter/Gather: A Cluster-based approach to Browsing Large Document Collections,SIGIR,IR,1992,2014,22,947,52.5,2,1,5,42.5,39.0,28.4,-14.1,citation metadata window around award; not causal evidence of award effect
sigir_1994_13ffa355,A Sequential Algorithm for Training Text Classifiers,SIGIR,IR,1994,2014,20,1807,60.25,2,1,5,84.5,93.0,111.4,26.9,citation metadata window around award; not causal evidence of award effect
sigir_1994_8b4f616e,Some Simple Effective Approximation to the 2-Poisson Model for Probabilistic Weighted Retrieval,SIGIR,IR,1994,2014,20,1164,52.5,2,1,5,62.5,51.0,48.4,-14.1,citation metadata window around award; not causal evidence of award effect
sigir_1995_8c2ca5c7,Searching Distributed Collections with Inference Networks,SIGIR,IR,1995,2014,19,387,58.88,2,1,5,15.5,11.0,7.4,-8.1,citation metadata window around award; not causal evidence of award effect
sigir_1996_536fcb7e,Pivoted Document Length Normalization,SIGIR,IR,1996,2014,18,545,62.62,2,1,5,28.0,28.0,21.6,-6.4,citation metadata window around award; not causal evidence of award effect
sigir_1996_cc49b9c5,Query Expansion using Local and Global Document Analysis,SIGIR,IR,1996,2014,18,824,52.25,2,1,5,41.0,21.0,39.2,-1.8,citation metadata window around award; not causal evidence of award effect
sigir_1998_fb78786c,A Language Modeling Approach to Information Retrieval,SIGIR,IR,1998,2014,16,1722,49.88,2,1,5,101.5,86.0,86.4,-15.1,citation metadata window around award; not causal evidence of award effect
sigir_1998_9913135f,Improved Algorithms for Topic Distillation in a Hyperlinked Environment,SIGIR,IR,1998,2014,16,440,57.62,2,1,5,13.5,9.0,4.2,-9.3,citation metadata window around award; not causal evidence of award effect
sigir_1998_5e73eaa6,On-line New Event Detection and Tracking,SIGIR,IR,1998,2014,16,523,64.38,2,1,5,30.0,38.0,29.0,-1.0,citation metadata window around award; not causal evidence of award effect
sigir_1998_6199a153,"The use of MMR, Diversity-based Reranking for Reordering Documents and Producing Summaries",SIGIR,IR,1998,2014,16,2120,58.38,2,1,5,110.0,96.0,121.6,11.6,citation metadata window around award; not causal evidence of award effect
sigir_1999_521297dd,An Algorithmic Framework for Performing Collaborative Filtering,SIGIR,IR,1999,2014,15,1966,52.38,2,1,5,118.5,147.0,109.8,-8.7,citation metadata window around award; not causal evidence of award effect
sigir_1999_e4b30902,Information Retrieval as Statistical Translation,SIGIR,IR,1999,2014,15,387,52.75,2,1,5,21.0,17.0,16.6,-4.4,citation metadata window around award; not causal evidence of award effect
sigir_1999_c5218e0a,Probabilistic Latent Semantic Indexing,SIGIR,IR,1999,2014,15,3933,57.12,2,1,5,214.0,259.0,267.8,53.8,citation metadata window around award; not causal evidence of award effect
sigir_2000_aed95749,Evaluating Evaluation Measure Stability,SIGIR,IR,2000,2014,14,394,61.38,2,1,5,20.5,31.0,16.4,-4.1,citation metadata window around award; not causal evidence of award effect
sigir_2000_f803bbfd,IR Evaluation Methods for Retrieving Highly Relevant Documents,SIGIR,IR,2000,2014,14,963,52.0,2,1,5,61.0,58.0,49.8,-11.2,citation metadata window around award; not causal evidence of award effect
sigir_2001_06bf3a99,A Study of Smoothing Methods for Language Models applied to Ad Hoc Information Retrieval,SIGIR,IR,2001,2014,13,883,49.38,2,1,5,57.5,55.0,47.8,-9.7,citation metadata window around award; not causal evidence of award effect
sigir_2001_2796128b,"Document Language Models, Query Models and Risk Minimization for Information Retrieval",SIGIR,IR,2001,2014,13,525,53.38,2,1,5,32.5,26.0,17.2,-15.3,citation metadata window around award; not causal evidence of award effect
sigir_2001_1a192554,Relevance based Language Models,SIGIR,IR,2001,2014,13,1024,51.75,2,1,5,75.0,65.0,57.4,-17.6,citation metadata window around award; not causal evidence of award effect
iccv_2003_1e9d06bc,Space-time interest points,ICCV,CV,2003,2017,14,1306,58.25,5,1,5,115.6,63.0,40.0,-75.6,citation metadata window around award; not causal evidence of award effect
iccv_2003_cf03eac5,Recognizing action at a distance,ICCV,CV,2003,2017,14,1237,58.75,5,1,5,83.4,49.0,24.2,-59.2,citation metadata window around award; not causal evidence of award effect
iccv_2003_d4dc49eb,Video Google: A text retrieval approach to object matching in videos,ICCV,CV,2003,2017,14,6430,62.38,5,1,5,545.8,463.0,282.8,-263.0,citation metadata window around award; not causal evidence of award effect
iccv_2003_17664fce,Recognising panoramas,ICCV,CV,2003,2017,14,680,58.88,5,1,4,40.2,26.0,19.25,-20.95,citation metadata window around award; not causal evidence of award effect
iccv_2003_a3c9d759,Discovering objects and their location in images,ICCV,CV,2003,2017,14,984,62.5,5,1,5,65.2,44.0,18.8,-46.4,citation metadata window around award; not causal evidence of award effect
iccv_2005_53de106d,The pyramid match kernel: Discriminative classification with sets of image features,ICCV,CV,2005,2017,12,1492,66.5,5,1,5,109.0,58.0,50.4,-58.6,citation metadata window around award; not causal evidence of award effect
iccv_2005_14fd00e0,Actions as space-time shapes,ICCV,CV,2005,2017,12,1737,62.12,5,1,5,138.8,98.0,68.2,-70.6,citation metadata window around award; not causal evidence of award effect
iccv_2001_8e7ef59f,A Database of Human Segmented Natural Images and Its Application to Evaluating Segmentation Algorithms and Measuring Ecological Statistics,ICCV,CV,2001,2016,15,7941,62.88,4,1,5,300.0,377.0,574.2,274.2,citation metadata window around award; not causal evidence of award effect
iccv_2001_c28b186c,Matching Shapes,ICCV,CV,2001,2016,15,345,62.25,4,1,5,17.25,10.0,5.4,-11.85,citation metadata window around award; not causal evidence of award effect
iccv_1987_56f24279,Snakes: Active Contour Models,ICCV,CV,1987,2013,26,17009,68.5,1,1,5,756.0,869.0,622.6,-133.4,citation metadata window around award; not causal evidence of award effect
iccv_1990_02b9f79c,Indexing via color histograms,ICCV,CV,1990,2013,23,423,70.88,1,1,5,26.0,22.0,17.6,-8.4,citation metadata window around award; not causal evidence of award effect
iccv_1990_d335338f,"Steerable filters for early vision, image analysis, and wavelet decomposition",ICCV,CV,1990,2013,23,51,70.12,1,1,4,1.0,1.0,2.0,1.0,citation metadata window around award; not causal evidence of award effect
iccv_1993_f8f5c041,A framework for the robust estimation of optical flow,ICCV,CV,1993,2013,20,449,58.12,1,1,5,14.0,10.0,12.2,-1.8,citation metadata window around award; not causal evidence of award effect
iccv_1995_a9b7e171,Alignment by Maximization of Mutual Information,ICCV,CV,1995,2013,18,608,58.75,1,1,5,23.0,25.0,17.2,-5.8,citation metadata window around award; not causal evidence of award effect
iccv_1995_e08aeb98,In Defence of the 8-Point Algorithm,ICCV,CV,1995,2013,18,645,55.25,1,1,5,17.0,20.0,9.2,-7.8,citation metadata window around award; not causal evidence of award effect
iccv_1998_99fb2c6a,Bilateral Filtering for Gray and Color Images,ICCV,CV,1998,2013,15,8050,59.5,1,1,5,469.0,543.0,570.8,101.8,citation metadata window around award; not causal evidence of award effect
iccv_1998_aaed5ca1,A Metric for Distributions with Applications to Image Databases,ICCV,CV,1998,2013,15,1736,70.62,1,1,5,67.0,88.0,76.0,9.0,citation metadata window around award; not causal evidence of award effect
iccv_1995_39ed57d2,"Region Competition: Unifying Snakes, Region Growing, Energy/Bayes/MDL for Multi-band Image Segmentation",ICCV,CV,1995,2013,18,196,61.12,1,1,5,3.0,6.0,5.0,2.0,citation metadata window around award; not causal evidence of award effect
iccv_1999_f83b407c,Flexible Camera Calibration by Viewing a Plane from Unknown Orientations,ICCV,CV,1999,2013,14,2583,71.88,1,1,5,124.0,150.0,119.6,-4.4,citation metadata window around award; not causal evidence of award effect
iccv_1999_d640090a,Texture Synthesis by Non-parametric Sampling,ICCV,CV,1999,2013,14,3031,53.5,1,1,5,136.0,134.0,144.4,8.4,citation metadata window around award; not causal evidence of award effect
iccv_1999_ac21b391,Object Recognition from Local Scale-Invariant Features,ICCV,CV,1999,2011,12,16147,65.88,0,0,5,,,1005.4,,citation metadata window around award; not causal evidence of award effect
iccv_1999_d98a9e1c,Fast Approximate Energy Minimization via Graph Cuts,ICCV,CV,1999,2011,12,472,57.88,0,0,5,,,22.6,,citation metadata window around award; not causal evidence of award effect
iccv_1995_7c62dbfa,Geodesic Active Contours,ICCV,CV,1995,2011,16,5227,62.88,0,0,5,,,308.0,,citation metadata window around award; not causal evidence of award effect
iccv_1988_d325cb60,Geometric Hashing: A General and Efficient Model-Based Recognition Scheme,ICCV,CV,1988,2009,21,778,57.88,0,0,3,,,18.67,,citation metadata window around award; not causal evidence of award effect
vldb_2004_05868ecc,Efficient Query Evaluation on Probabilistic Databases,VLDB,Database,2004,2014,10,141,56.12,2,1,5,7.5,9.0,7.2,-0.3,citation metadata window around award; not causal evidence of award effect
vldb_2002_dbc5631e,Approximate Frequency Counts over Data Streams,VLDB,Database,2002,2012,10,930,69.0,0,1,5,,49.0,42.8,,citation metadata window around award; not causal evidence of award effect
vldb_2001_7739e73c,Generic Schema Matching With Cupid,VLDB,Database,2001,2011,10,1273,57.62,0,0,5,,,38.8,,citation metadata window around award; not causal evidence of award effect
vldb_2000_1f64865f,Database replication: a tale of research across communities,VLDB,Database,2000,2010,10,13125,81.12,0,0,4,,,743.75,,citation metadata window around award; not causal evidence of award effect
vldb_1999_d56e67ab,Database Architecture Optimized for the New Bottleneck: Memory Access,VLDB,Database,1999,2009,10,349,51.75,0,0,3,,,18.33,,citation metadata window around award; not causal evidence of award effect
vldb_1998_270214bc,A Quantitative Analysis and Performance Study for Similarity-Search Methods in High-Dimensional Spaces,VLDB,Database,1998,2008,10,1516,61.88,0,0,2,,,77.5,,citation metadata window around award; not causal evidence of award effect
vldb_1997_bedd4b77,An Efficient Cost-Driven Index Selection Tool for Microsoft SQL Server,VLDB,Database,1997,2007,10,352,48.75,0,0,1,,,30.0,,citation metadata window around award; not causal evidence of award effect
icse_2007_280356c8,Feedback-Directed Random Test Generation,ICSE,Software Engineering,2007,2017,10,846,51.5,5,1,5,55.4,46.0,45.0,-10.4,citation metadata window around award; not causal evidence of award effect
icse_2006_f23af9a0,Who Should Fix This Bug,ICSE,Software Engineering,2006,2016,10,918,51.0,4,1,5,72.75,58.0,52.6,-20.15,citation metadata window around award; not causal evidence of award effect
icse_2005_a4cb3ae5,Is Mutation an Appropriate Tool for Testing Experiments?,ICSE,Software Engineering,2005,2015,10,786,54.75,3,1,5,55.33,52.0,49.8,-5.53,citation metadata window around award; not causal evidence of award effect
icse_2004_5cf9d322,Mining Version Histories to Guide Software Changes,ICSE,Software Engineering,2004,2014,10,495,52.62,2,1,5,35.0,33.0,18.8,-16.2,citation metadata window around award; not causal evidence of award effect
icse_2003_9c36f448,Hipikat: Recommending Pertinent Software Development Artifacts,ICSE,Software Engineering,2003,2013,10,319,51.5,1,1,5,18.0,19.0,15.4,-2.6,citation metadata window around award; not causal evidence of award effect
icse_2002_6189aeca,ArchJava: Connecting Software Architecture to Implementation,ICSE,Software Engineering,2002,2012,10,136,56.0,0,1,5,,8.0,5.0,,citation metadata window around award; not causal evidence of award effect
icse_2001_ddccec05,Analysis and testing of Web applications,ICSE,Software Engineering,2001,2011,10,275,57.0,0,0,5,,,10.8,,citation metadata window around award; not causal evidence of award effect
icse_2000_1b942859,A case study of open source software development: the Apache server,ICSE,Software Engineering,2000,2010,10,88,72.5,0,0,4,,,5.5,,citation metadata window around award; not causal evidence of award effect
icse_2000_f354deec,Bandera: extracting finite-state models from Java source code,ICSE,Software Engineering,2000,2010,10,147,60.38,0,0,4,,,4.25,,citation metadata window around award; not causal evidence of award effect
icse_1999_f470c157,N Degrees of Separation: Multi-Dimensional Separation of Concerns,ICSE,Software Engineering,1999,2009,10,154,60.75,0,0,3,,,7.0,,citation metadata window around award; not causal evidence of award effect
icse_1998_f79e4ec6,Architecture-Based Runtime Software Evolution,ICSE,Software Engineering,1998,2008,10,584,58.75,0,0,2,,,32.0,,citation metadata window around award; not causal evidence of award effect
icse_1997_b6032ea7,Designing Distributed Applications with Mobile Code Paradigms,ICSE,Software Engineering,1997,2007,10,296,66.12,0,0,1,,,13.0,,citation metadata window around award; not causal evidence of award effect
hpca_1999_95bcc4dc,Dynamically Exploiting Narrow Width Operands to Improve Processor Power and Performance,HPCA,Architecture,1999,2018,19,297,49.38,5,1,5,7.2,3.0,4.6,-2.6,citation metadata window around award; not causal evidence of award effect
oopsla_2007_7bb907bc,Statistically rigorous Java performance evaluation,OOPSLA,Programming Languages,2007,2017,10,523,59.75,5,1,5,44.8,39.0,25.2,-19.6,citation metadata window around award; not causal evidence of award effect
oopsla_2006_5186c94c,The DaCapo benchmarks: Java benchmarking development and analysis,OOPSLA,Programming Languages,2006,2016,10,1593,55.0,4,1,5,123.25,107.0,73.0,-50.25,citation metadata window around award; not causal evidence of award effect
oopsla_2005_92fb0725,X10: An Object-Oriented Approach to Non-Uniform Cluster Computing,OOPSLA,Programming Languages,2005,2015,10,175,61.88,1,1,5,8.0,14.0,19.8,11.8,citation metadata window around award; not causal evidence of award effect
oopsla_2004_e3cef345,Mirrors: Design Principles for Meta-level Facilities of Object-Oriented Programming Languages,OOPSLA,Programming Languages,2004,2014,10,169,63.12,2,1,5,16.0,7.0,9.6,-6.4,citation metadata window around award; not causal evidence of award effect
oopsla_2003_8ae43423,Language Support for Lightweight Transactions,OOPSLA,Programming Languages,2003,2013,10,398,40.88,1,1,5,10.0,6.0,8.8,-1.2,citation metadata window around award; not causal evidence of award effect
oopsla_2002_d7f46d29,Reconsidering Custom Memory Allocation,OOPSLA,Programming Languages,2002,2012,10,185,56.75,0,1,5,,11.0,10.8,,citation metadata window around award; not causal evidence of award effect
oopsla_2000_01b57c0c,Adaptive Optimization in the Jalapeño JVM,OOPSLA,Programming Languages,2000,2010,10,257,47.38,0,0,4,,,8.75,,citation metadata window around award; not causal evidence of award effect
oopsla_1999_4dc300ec,Implementing Jalapeño in Java,OOPSLA,Programming Languages,1999,2009,10,268,50.12,0,0,3,,,9.0,,citation metadata window around award; not causal evidence of award effect
oopsla_1998_08e5919b,Ownership Types for Flexible Alias Protection,OOPSLA,Programming Languages,1998,2008,10,578,49.75,0,0,2,,,36.5,,citation metadata window around award; not causal evidence of award effect
oopsla_1997_678cb4e4,Call Graph Construction in Object-Oriented Languages,OOPSLA,Programming Languages,1997,2007,10,296,52.38,0,0,1,,,7.0,,citation metadata window around award; not causal evidence of award effect
oopsla_1993_69c1958a,Subject Oriented Programming: A Critique of Pure Objects,OOPSLA,Programming Languages,1993,2007,14,149,58.38,0,0,1,,,9.0,,citation metadata window around award; not causal evidence of award effect
oopsla_1987_b39fa126,Concepts and Experiments in Computational Reflection,OOPSLA,Programming Languages,1987,2007,20,1011,71.5,0,0,1,,,30.0,,citation metadata window around award; not causal evidence of award effect
oopsla_1987_a4a707e2,Self: The power of simplicity,OOPSLA,Programming Languages,1987,2007,20,909,59.75,0,0,1,,,32.0,,citation metadata window around award; not causal evidence of award effect
fast_2004_f8939090,Designing for Disasters,FAST,Systems,2004,2018,14,168,59.25,5,1,3,8.6,10.0,6.67,-1.93,citation metadata window around award; not causal evidence of award effect
nsdi_2008_a9fc5748,Remus: High Availability via Asynchronous Virtual Machine Replication,NSDI,Systems/Networking,2008,2018,10,584,66.0,5,1,5,53.8,31.0,17.8,-36.0,citation metadata window around award; not causal evidence of award effect
usenix_security_2006_a1d53756,Evaluating SFI for a CISC Architecture,USENIX Security,Security,2006,2018,12,167,46.0,5,1,4,15.8,12.0,5.25,-10.55,citation metadata window around award; not causal evidence of award effect
fast_2002_71c78dd2,SnapMirror: File-System-Based Asynchronous Mirroring for Disaster Recovery,FAST,Systems,2002,2017,15,140,49.75,5,1,5,7.6,4.0,3.0,-4.6,citation metadata window around award; not causal evidence of award effect
nsdi_2007_989fba52,X-Trace: A Pervasive Network Tracing Framework,NSDI,Systems/Networking,2007,2017,10,408,56.75,5,1,5,33.0,29.0,20.4,-12.6,citation metadata window around award; not causal evidence of award effect
usenix_security_2001_84277b08,Inferring Internet Denial-of-Service Activity,USENIX Security,Security,2001,2017,16,870,50.75,5,1,5,22.8,16.0,10.0,-12.8,citation metadata window around award; not causal evidence of award effect
fast_2004_f8c44e3f,Row-Diagonal Parity for Double Disk Failure Correction,FAST,Systems,2004,2016,12,493,44.75,4,1,5,30.5,37.0,27.8,-2.7,citation metadata window around award; not causal evidence of award effect
nsdi_2006_f00206e5,Pip: Detecting the Unexpected in Distributed Systems,NSDI,Systems/Networking,2006,2016,10,318,57.25,4,1,5,26.75,18.0,11.2,-15.55,citation metadata window around award; not causal evidence of award effect
usenix_security_2003_2ed9565d,Preventing Privilege Escalation,USENIX Security,Security,2003,2016,13,287,60.25,4,1,5,20.75,11.0,18.2,-2.55,citation metadata window around award; not causal evidence of award effect
fast_2002_1da1195d,Hippodrome: Running Circles Around Storage Administration,FAST,Systems,2002,2015,13,247,46.75,3,1,5,10.33,10.0,5.6,-4.73,citation metadata window around award; not causal evidence of award effect
nsdi_2005_1708a824,Live Migration of Virtual Machines,NSDI,Systems/Networking,2005,2015,10,2580,62.88,3,1,5,258.33,231.0,147.6,-110.73,citation metadata window around award; not causal evidence of award effect
nsdi_2005_18e8a7d4,Design and Implementation of a Routing Control Platform,NSDI,Systems/Networking,2005,2015,10,400,55.38,3,1,5,33.33,26.0,20.2,-13.13,citation metadata window around award; not causal evidence of award effect
fast_2003_bc755e36,"ARC: A Self-Tuning, Low Overhead Replacement Cache",FAST,Systems,2003,2014,11,792,54.88,2,1,5,36.5,59.0,53.2,16.7,citation metadata window around award; not causal evidence of award effect
nsdi_2004_edafbe91,Operating System Support for Planetary-Scale Network Services,NSDI,Systems/Networking,2004,2014,10,409,52.38,2,1,5,19.5,20.0,6.2,-13.3,citation metadata window around award; not causal evidence of award effect
nsdi_2004_d50b034e,Trickle: A Self-Regulating Algorithm for Code Propagation and Maintenance in Wireless Sensor Networks,NSDI,Systems/Networking,2004,2014,10,1136,58.12,2,1,5,75.0,87.0,70.4,-4.6,citation metadata window around award; not causal evidence of award effect
usenix_security_2004_8af63cc5,Tor: The Second-Generation Onion Router,USENIX Security,Security,2004,2014,10,4019,57.75,2,1,5,267.0,260.0,229.0,-38.0,citation metadata window around award; not causal evidence of award effect
fast_2002_55e53dcb,GPFS: A Shared-Disk File System for Large Computing Clusters,FAST,Systems,2002,2013,11,1224,58.0,1,1,5,85.0,75.0,69.8,-15.2,citation metadata window around award; not causal evidence of award effect
usenix_security_1998_c7de7ba5,StackGuard: Automatic Adaptive Detection and Prevention of Buffer-Overflow Attacks,USENIX Security,Security,1998,2013,15,1264,51.5,1,1,5,58.0,52.0,51.6,-6.4,citation metadata window around award; not causal evidence of award effect
fast_2002_b4580077,Venti: A New Approach to Archival Storage,FAST,Systems,2002,2012,10,728,46.12,0,1,5,,67.0,47.6,,citation metadata window around award; not causal evidence of award effect
